movie_title,code
서복,159074
자산어보,189075
명탐정 코난: 비색의 탄환,203097
극장판 귀멸의 칼날: 무한열차편,196051
노바디 ,197520
미나리,187310
노매드랜드,196215
어른들은 몰라요,195691
고질라 VS. 콩,191637
더 파더,191920
당신의 사월,189586
레 미제라블,185276
비밀의 정원,189620
아무도 없는 곳,184366
타인의 친절,183234
최면,202526
소울,184517
모탈 컴뱃,202925
라야와 마지막 드래곤,184518
팅커 테일러 솔저 스파이,80219
피넛 버터 팔콘,163829
더스트맨,194085
"조제, 호랑이 그리고 물고기들",195970
패왕별희 디 오리지널,14448
스파이의 아내,196052
파이터,198306
"사랑하고 사랑받고, 차고 차이고",196979
해길랍,197463
인천스텔라,194907
정말 먼 곳,193043
커피 오어 티,202910
부활,194368
중경삼림,17059
더 박스,202901
폴라로이드 작동법,39230
화양연화,28876
바이올린 플레이어,172731
블루 재스민,104331
시 읽는 시간,154947
천녀유혼,10670
영웅본색 2,10111
카페 소사이어티,136870
프라미싱 영 우먼,191917
구원,190012
립반윙클의 신부,150551
당신을 기다리는 시간,143543
찬실이는 복도 많지,189624
아틱,175039
힐빌리의 노래,198754
브레이킹 더 웨이브,18222
3개의 얼굴들,174831
라스트 레터,191553
하나와 앨리스,38461
스왈로우,184703
멜랑콜리아,78838
파수꾼,75378
너는 여기에 없었다,152673
영웅본색,10110
보더라인,182811
러빙 빈센트,144379
리틀 조,185274
겁쟁이 페달: 더 무비,143335
겁쟁이 페달: 리라이드,143337
겁쟁이 페달: 리로드,143336
세자매,193328
애비규환,198430
고백,194909
날씨의 아이,181114
그리고 방행자,202370
낙엽귀근,66320
더 테이블,151117
동경 이야기,13793
안녕하세요,26525
오차즈케의 맛,37449
최악의 하루,142689
카오스 워킹,163811
해피 투게더,19335
겨울밤에,174269
기도하는 남자,179399
남매의 여름밤,189623
내가 마지막 본 파리,12180
너의 췌장을 먹고 싶어,175318
노가리,189619
두번째 사랑,40516
러브 액츄얼리,36843
레이니 데이 인 뉴욕,152691
만춘,26526
메이헴,165038
문라이즈 킹덤,90537
문영,144578
바람과 함께 사라지다,86888
바람난 가족,36451
바람의 언덕,189438
부활: 그 증거,194334
사랑의 스잔나,21348
사랑하는 시바여 돌아오라,30335
살인광 시대,10321
시,70562
식물도감,151145
아무도 모른다,38546
아비정전,10546
아이카,174772
연인들,51806
이별의 아침에 약속의 꽃을 장식하자,172113
젊은이의 양지,189628
초록물고기,17946
카일라스 가는 길,178687
킬링,178065
패터슨,144975
플로리다 프로젝트,164719
건축학개론,88426
나는보리,179394
늑대소년,88253
맹크,191585
미드나이트 스카이,199406
미스 사이공: 25주년 특별 공연,155123
벌새,179307
소공녀,159311
아가씨,123519
테넷,190010
테우리,194661
"힘내세요, 병헌씨",101301
